-- Dados de exemplo compatíveis com a estrutura Oracle atual
-- Execute primeiro: sql/scripts/pagamento_create.sql
-- Depois execute: sql/scripts/pagamento_import.sql (com dados realistas)

INSERT INTO TB_CLIENTE (ID_CLIENTE, NOME_CLIENTE, EMAIL_CLIENTE, TELEFONE_CLIENTE, VALOR_MEDIO_PAGAMENTO) VALUES (1, 'Bruno Souza', 'bruno.souza579@emailaleatorio.com', '(11) 998887304', 579.56);
INSERT INTO TB_CLIENTE (ID_CLIENTE, NOME_CLIENTE, EMAIL_CLIENTE, TELEFONE_CLIENTE, VALOR_MEDIO_PAGAMENTO) VALUES (2, 'João Gomes', 'joao.gomes265@emailaleatorio.com', '(11) 992650167', 926.50);
INSERT INTO TB_CLIENTE (ID_CLIENTE, NOME_CLIENTE, EMAIL_CLIENTE, TELEFONE_CLIENTE, VALOR_MEDIO_PAGAMENTO) VALUES (3, 'Isabela Santos', 'isabela.santos705@emailaleatorio.com', '(11) 985521026', 705.82);

INSERT INTO TB_CARTAO (ID_CARTAO, NUMERO_CARTAO, CVV_CARTAO, VALIDADE_CARTAO, TIPO_CARTAO, ID_CLIENTE) VALUES (1, '4111111111111111', '123', DATE '2025-12-31', 'CREDITO', 1);
INSERT INTO TB_CARTAO (ID_CARTAO, NUMERO_CARTAO, CVV_CARTAO, VALIDADE_CARTAO, TIPO_CARTAO, ID_CLIENTE) VALUES (2, '5555555555554444', '456', DATE '2026-06-30', 'DEBITO', 2);
INSERT INTO TB_CARTAO (ID_CARTAO, NUMERO_CARTAO, CVV_CARTAO, VALIDADE_CARTAO, TIPO_CARTAO, ID_CLIENTE) VALUES (3, '4012888888881881', '789', DATE '2027-03-31', 'CREDITO', 3);

INSERT INTO TB_PAGAMENTO (ID_PAGAMENTO, VALOR_PAGAMENTO, DESCRICAO_PAGAMENTO, DATA_PAGAMENTO, ID_CLIENTE, ID_CARTAO) VALUES (1, 579.56, 'Plano MindMatch Premium', TIMESTAMP '2024-12-28 14:30:00', 1, 1);
INSERT INTO TB_PAGAMENTO (ID_PAGAMENTO, VALOR_PAGAMENTO, DESCRICAO_PAGAMENTO, DATA_PAGAMENTO, ID_CLIENTE, ID_CARTAO) VALUES (2, 926.50, 'Plano MindMatch premium família', TIMESTAMP '2024-11-07 16:45:00', 2, 2);
INSERT INTO TB_PAGAMENTO (ID_PAGAMENTO, VALOR_PAGAMENTO, DESCRICAO_PAGAMENTO, DATA_PAGAMENTO, ID_CLIENTE, ID_CARTAO) VALUES (3, 705.82, 'Plano MindMatch básico', TIMESTAMP '2024-10-02 09:15:00', 3, 3);

INSERT INTO TB_MISSAO (ID_MISSAO, NOME_MISSAO, TEMPO_MISSAO) VALUES (1, 'Manutencao de Orbita', 72);
INSERT INTO TB_MISSAO (ID_MISSAO, NOME_MISSAO, TEMPO_MISSAO) VALUES (2, 'Exploracao do Setor Aurora', 48);
INSERT INTO TB_MISSAO (ID_MISSAO, NOME_MISSAO, TEMPO_MISSAO) VALUES (3, 'Vigilia da Nave', 24);

INSERT INTO TB_AGENTE (ID_AGENTE, NOME_AGENTE, ESPECIALIDADE_AGENTE, ULTIVA_REVISAO_AGENTE, DESCANSO_AGENTE, ID_MISSAO, STATUS) VALUES (1, 'Comandante Orion', 'Navegacao', DATE '2026-06-01', 12, 1, 'NORMAL');
INSERT INTO TB_AGENTE (ID_AGENTE, NOME_AGENTE, ESPECIALIDADE_AGENTE, ULTIVA_REVISAO_AGENTE, DESCANSO_AGENTE, ID_MISSAO, STATUS) VALUES (2, 'Tecnica Vega', 'Biomecanica', DATE '2026-06-03', 24, 2, 'ATENCAO');
INSERT INTO TB_AGENTE (ID_AGENTE, NOME_AGENTE, ESPECIALIDADE_AGENTE, ULTIVA_REVISAO_AGENTE, DESCANSO_AGENTE, ID_MISSAO, STATUS) VALUES (3, 'Analista Luma', 'Diagnostico', DATE '2026-05-28', 8, 3, 'CRITICO');

INSERT INTO TB_SINAL_SAUDE (ID_SINAL_SAUDE, NOME_SINAL, VALOR_SINAL, CATEGORIA_SINAL, STATUS_SINAL, ID_AGENTE) VALUES (1, 'Oxigenacao', '98%', 'FISICO', 'NORMAL', 1);
INSERT INTO TB_SINAL_SAUDE (ID_SINAL_SAUDE, NOME_SINAL, VALOR_SINAL, CATEGORIA_SINAL, STATUS_SINAL, ID_AGENTE) VALUES (2, 'Fadiga', '71%', 'FISICO', 'ATENCAO', 2);
INSERT INTO TB_SINAL_SAUDE (ID_SINAL_SAUDE, NOME_SINAL, VALOR_SINAL, CATEGORIA_SINAL, STATUS_SINAL, ID_AGENTE) VALUES (3, 'Nivel de Stress', '89%', 'MENTAL', 'CRITICO', 3);

INSERT INTO TB_TAREFA (ID_TAREFA, NOME_TAREFA, TIPO_TAREFA, HORARIO_TAREFA, PRIORIDADE_TAREFA, STATUS_TAREFA, ID_AGENTE) VALUES (1, 'Revisar painel de propulsao', 'Manutencao', TIMESTAMP '2026-06-06 08:00:00', 'ALTA', 'ANDAMENTO', 1);
INSERT INTO TB_TAREFA (ID_TAREFA, NOME_TAREFA, TIPO_TAREFA, HORARIO_TAREFA, PRIORIDADE_TAREFA, STATUS_TAREFA, ID_AGENTE) VALUES (2, 'Verificar modulo medico', 'Saude', TIMESTAMP '2026-06-06 10:30:00', 'CRITICA', 'PENDENTE', 3);
INSERT INTO TB_TAREFA (ID_TAREFA, NOME_TAREFA, TIPO_TAREFA, HORARIO_TAREFA, PRIORIDADE_TAREFA, STATUS_TAREFA, ID_AGENTE) VALUES (3, 'Atualizar mapa da rota estelar', 'Navegacao', TIMESTAMP '2026-06-06 13:45:00', 'MEDIA', 'CONCLUIDO', 2);
